Gender	StudyHours	Attendance	InternetAccess	PreviousScore	FinalScore
Male	1	97	No	55	49
Male	2	93	Yes	77	68
Male	1	55	Yes	54	46
Male	4	95	No	54	68
Female	1	98	Yes	84	67
Female	5	59	Yes	88	80
Male	2	74	Yes	62	55
Female	1	96	No	74	57
Female	2	85	No	93	78
Female	4	95	Yes	42	65
Male	5	55	Yes	95	79
Female	5	79	No	50	65
Female	4	92	No	84	85
Male	3	84	Yes	50	58
Female	5	90	Yes	83	84
Male	4	52	No	65	61
Male	4	86	No	53	68
Female	7	91	No	49	76
Male	4	97	No	87	86
Female	7	73	Yes	48	76
Female	2	98	Yes	95	73
Male	3	100	No	78	70
Female	7	88	No	73	88
Male	2	93	No	89	78
Female	2	68	No	50	50
Male	5	82	Yes	72	73
Female	4	59	No	88	72
Male	6	81	Yes	47	69
Female	4	53	Yes	76	64
Male	8	54	Yes	48	79
Female	3	66	No	53	57
Male	5	75	No	68	77
Female	2	65	Yes	44	45
Male	4	87	Yes	40	53
Male	4	54	Yes	95	78
Male	4	67	No	53	62
Male	8	65	No	91	99
Male	2	56	No	62	53
Female	8	96	Yes	83	100
Male	1	75	No	91	61
Male	4	62	No	48	57
Male	5	79	Yes	95	84
Female	2	53	Yes	45	41
Male	7	81	No	53	78
Male	3	74	Yes	64	60
Female	5	77	No	49	62
Female	4	53	Yes	87	74
Male	1	87	No	72	61
Male	1	82	Yes	94	65
Male	2	93	Yes	65	57
Male	1	89	Yes	66	60
Female	5	63	No	55	64
Female	3	92	No	69	67
Male	1	79	Yes	44	45
Male	5	58	No	44	56
Female	5	60	No	93	86
Female	1	92	No	82	60
Male	5	57	Yes	87	82
Male	5	68	Yes	85	81
Male	5	82	No	56	64
Male	7	67	Yes	40	68
Male	5	60	No	75	75
Male	2	54	Yes	74	52
Female	3	77	Yes	42	50
Female	1	72	Yes	83	58
Male	6	99	No	79	86
Male	3	61	No	41	44
Female	7	92	Yes	57	78
Male	7	52	No	54	70
Female	6	69	Yes	54	65
Male	7	71	No	95	92
Female	6	91	No	83	92
Female	1	57	No	51	45
Female	1	56	No	62	47
Female	2	74	Yes	56	47
Female	1	83	Yes	63	54
Male	6	89	No	82	84
Female	5	92	No	60	74
Female	3	62	No	82	69
Male	5	75	Yes	59	68
Male	7	100	No	69	91
Female	4	82	No	90	78
Male	5	82	No	45	61
Female	4	62	Yes	41	47
Male	8	89	Yes	69	93
Male	7	81	No	55	75
Male	2	99	No	54	53
Female	1	85	Yes	94	65
Female	3	79	No	88	76
Female	8	60	No	68	85
Male	5	99	No	80	82
Female	8	54	No	55	77
Female	6	84	Yes	48	67
Male	7	94	Yes	85	94
Male	7	76	No	74	89
Female	1	63	No	64	53
Male	7	80	Yes	62	81
Female	7	84	Yes	71	85
Female	7	81	Yes	64	83
Female	3	79	Yes	79	73
Male	7	87	Yes	45	79
Female	3	79	Yes	43	51
Female	6	63	No	60	72
Female	5	98	No	56	68
Female	1	97	Yes	62	53
Male	1	98	Yes	55	50
Male	3	65	Yes	70	68
Male	4	79	No	89	80
Male	2	99	Yes	59	55
Male	5	86	No	65	72
Male	4	56	No	94	83
Male	1	72	No	82	60
Male	6	50	No	92	88
Male	7	73	No	85	89
Female	3	96	No	79	76
Female	8	77	No	60	83
Male	5	78	Yes	88	86
Female	6	51	No	94	87
Male	8	63	No	91	97
Female	5	88	No	75	75
Male	2	65	No	71	61
Male	8	91	No	68	87
Male	5	64	No	84	77
Female	6	80	No	67	82
Female	6	94	No	57	76
Female	4	57	Yes	60	57
Male	4	63	No	57	65
Female	2	62	No	54	49
Male	5	50	Yes	57	58
Male	5	94	Yes	80	85
Male	1	86	No	70	59
Female	6	61	Yes	56	72
Male	2	75	No	44	51
Male	3	59	No	45	47
Male	7	88	Yes	89	100
Female	8	78	No	95	100
Female	5	86	Yes	79	77
Male	4	66	Yes	50	56
Male	2	60	Yes	66	57
Female	5	52	Yes	58	63
Female	2	93	Yes	56	61
Male	7	57	Yes	81	83
Female	3	54	Yes	50	49
Female	8	57	No	84	92
Female	5	82	No	68	71
Male	7	97	No	78	92
Male	2	64	Yes	88	71
Female	1	98	Yes	70	62
Female	5	61	No	80	79
Male	8	72	No	61	84
Male	3	71	No	84	73
Female	7	98	Yes	69	85
Female	5	70	Yes	89	84
Male	8	76	Yes	52	84
Female	8	90	No	88	97
Male	5	85	Yes	58	73
Female	2	51	Yes	85	59
Female	1	85	No	45	42
Male	8	57	Yes	71	85
Female	7	80	No	55	80
Male	7	62	Yes	95	90
Female	7	71	No	92	90
Female	5	87	No	95	86
Female	8	72	No	75	94
Female	8	70	Yes	84	94
Female	4	99	No	42	60
Female	7	74	Yes	71	80
Male	6	56	No	46	67
Female	1	96	Yes	66	62
Male	2	80	No	61	60
Female	2	71	No	60	59
Female	1	89	Yes	55	55
Female	4	97	Yes	67	68
Male	8	60	No	41	67
Female	1	68	No	63	51
Male	4	83	No	76	79
Male	3	61	Yes	79	67
Male	8	87	Yes	54	86
Female	8	66	Yes	91	100
Female	3	54	No	62	60
Female	7	94	No	69	87
Male	7	80	Yes	55	79
Female	5	94	No	41	69
Female	5	50	Yes	78	76
Female	4	88	No	54	69
Male	5	93	Yes	80	79
Male	5	100	No	42	70
Female	3	55	No	60	57
Male	4	58	No	73	71
Female	3	66	No	91	72
Female	2	79	Yes	49	48
Female	6	55	No	40	60
Male	8	73	No	77	94
Female	2	93	Yes	70	58
Female	4	91	Yes	80	80
Female	7	57	Yes	42	62
Female	8	57	Yes	55	81
Male	7	79	No	82	94
Female	3	76	Yes	93	78
Female	5	52	No	53	63
Female	4	73	Yes	83	76
Female	1	75	No	52	42
Female	2	92	Yes	81	73
Male	1	100	No	55	49
Male	2	98	Yes	77	66
Male	6	99	Yes	90	98
Male	5	59	Yes	74	72
Male	2	92	Yes	48	47
Female	4	87	No	41	54
Female	1	58	No	73	49
Male	8	78	No	72	95
Male	8	82	Yes	79	90
Female	8	91	Yes	43	81
Female	7	93	Yes	71	91
Male	2	70	Yes	44	43
Female	6	74	No	69	82
Female	2	100	Yes	94	82
Male	7	78	Yes	66	83
Female	7	76	Yes	60	81
Female	5	73	Yes	83	83
Male	2	55	Yes	67	50
Female	3	85	Yes	77	73
Female	2	76	No	95	77
Female	1	68	No	62	45
Male	3	92	No	54	56
Female	6	57	No	76	77
Female	1	88	No	41	40
Female	5	71	No	40	56
Male	7	54	Yes	87	94
Male	2	97	Yes	64	62
Female	6	60	No	59	71
Male	1	59	Yes	88	64
Male	2	67	No	82	65
Female	8	76	No	53	84
Male	6	77	Yes	58	79
Female	5	52	Yes	65	71
Male	1	63	No	53	41
Female	5	70	Yes	40	61
Female	3	58	No	74	61
Female	2	75	Yes	67	53
Female	2	70	No	76	63
Female	5	57	No	41	56
Male	8	94	No	45	82
Male	4	77	No	73	67
Female	5	97	No	54	71
Male	2	82	Yes	73	65
Male	6	72	Yes	55	67
Male	5	62	Yes	78	73
Male	3	99	No	69	73
Female	6	90	No	49	74
Male	8	78	No	90	99
Male	6	82	Yes	59	77
Female	1	53	No	93	61
Male	2	89	No	69	66
Male	8	86	Yes	60	91
Female	3	53	No	46	48
Male	3	52	Yes	85	69
Female	3	73	No	58	59
Female	6	93	Yes	90	98
Female	2	71	Yes	75	66
Female	5	66	Yes	61	64
Male	6	69	No	48	71
Male	5	85	No	81	82
Male	2	91	No	72	64
Male	6	69	Yes	53	70
Female	4	64	Yes	49	53
Female	2	82	Yes	82	67
Male	7	59	Yes	51	76
Male	8	52	No	63	86
Male	8	89	No	88	100
Male	4	69	No	93	78
Female	8	79	No	89	100
Female	3	62	Yes	95	73
Male	8	73	Yes	85	100
Male	5	55	Yes	57	66
Male	7	55	Yes	92	94
Female	1	76	Yes	65	55
Female	4	74	Yes	63	64
Male	6	56	No	90	83
Male	1	68	No	84	57
Female	8	89	Yes	45	75
Female	4	59	No	47	54
Male	5	57	Yes	55	64
Female	2	57	No	78	63
Male	4	95	Yes	58	69
Male	6	65	No	51	73
Male	6	54	Yes	64	74
Male	7	73	No	87	88
Female	2	72	Yes	86	72
Male	6	58	Yes	62	75
Female	3	99	No	84	78
Male	3	54	No	42	45
Male	1	100	Yes	42	46
Female	7	84	No	56	74
Male	5	72	Yes	95	91
Female	5	57	No	67	70
Female	7	71	Yes	71	86
Female	5	55	No	45	59
Male	5	70	Yes	45	61
Female	5	78	No	50	67
